Metric,Value
Accuracy,0.823
Precision,0.8252264380692026
Recall,0.8204674638061518
F1 Score,0.817820772104961
True Positive (TP),[ 82 108  87  76  96  46  82  84  75  87]
True Negative (TN),[902 875 881 862 886 894 895 880 883 865]
False Positive (FP),[ 8 17 16 38  7 14 14 14 14 35]
False Negative (FN),[ 8  0 16 24 11 46  9 22 28 13]
