Metric,Value
Accuracy,0.752
Precision,0.7532738626024563
Recall,0.7499820855711065
F1 Score,0.7439114874520435
True Positive (TP),[ 75 108  69  66  87  39  83  78  63  84]
True Negative (TN),[890 865 887 861 880 887 886 867 877 852]
False Positive (FP),[20 27 10 39 13 21 23 27 20 48]
False Negative (FN),[15  0 34 34 20 53  8 28 40 16]
